timestamp,temp,pressure,vibration,label
2024-06-03 19:00:00,47.8,1.01,0.03,normal
2024-06-03 19:01:00,48.4,1.0,0.02,normal
2024-06-03 19:02:00,47.6,1.02,0.03,normal
2024-06-03 19:03:00,46.6,1.04,0.03,normal
2024-06-03 19:04:00,47.6,1.04,0.03,normal
2024-06-03 19:05:00,46.6,1.03,0.03,normal
2024-06-03 19:06:00,48.4,1.02,0.03,normal
2024-06-03 19:07:00,46.8,1.04,0.03,normal
2024-06-03 19:08:00,47.1,1.02,0.03,normal
2024-06-03 19:09:00,47.9,1.03,0.03,normal
2024-06-03 19:10:00,49.6,1.02,0.03,normal
2024-06-03 19:11:00,46.7,1.03,0.04,normal
2024-06-03 19:12:00,47.4,1.01,0.03,normal
2024-06-03 19:13:00,48.2,1.03,0.03,normal
2024-06-03 19:14:00,46.8,1.03,0.03,normal
2024-06-03 19:15:00,47.7,1.04,0.03,normal
2024-06-03 19:16:00,48.2,1.03,0.03,normal
2024-06-03 19:17:00,48.1,1.01,0.03,normal
2024-06-03 19:18:00,47.0,1.02,0.03,normal
2024-06-03 19:19:00,49.0,1.01,0.03,normal
2024-06-03 19:20:00,45.8,1.02,0.03,normal
2024-06-03 19:21:00,48.1,1.03,0.03,normal
2024-06-03 19:22:00,47.2,1.02,0.03,normal
2024-06-03 19:23:00,47.3,1.01,0.02,normal
2024-06-03 19:24:00,46.6,1.03,0.03,normal
2024-06-03 19:25:00,48.2,1.02,0.03,normal
2024-06-03 19:26:00,48.1,1.02,0.03,normal
2024-06-03 19:27:00,46.8,1.02,0.03,normal
2024-06-03 19:28:00,46.3,1.03,0.03,normal
2024-06-03 19:29:00,47.5,1.03,0.03,normal
2024-06-03 19:30:00,48.2,1.02,0.03,normal
2024-06-03 19:31:00,47.4,1.0,0.02,normal
2024-06-03 19:32:00,46.2,1.01,0.03,normal
2024-06-03 19:33:00,46.6,1.02,0.04,normal
2024-06-03 19:34:00,47.1,1.03,0.03,normal
2024-06-03 19:35:00,47.3,1.01,0.03,normal
2024-06-03 19:36:00,48.3,1.0,0.03,normal
2024-06-03 19:37:00,47.7,1.02,0.02,normal
2024-06-03 19:38:00,47.6,1.02,0.03,normal
2024-06-03 19:39:00,47.5,1.04,0.03,normal
2024-06-03 19:40:00,46.5,1.03,0.03,normal
2024-06-03 19:41:00,48.9,1.04,0.03,normal
2024-06-03 19:42:00,49.0,1.01,0.03,normal
2024-06-03 19:43:00,46.6,1.02,0.02,normal
2024-06-03 19:44:00,48.1,1.02,0.02,normal
2024-06-03 19:45:00,46.5,1.03,0.03,normal
2024-06-03 19:46:00,49.5,1.05,0.03,normal
2024-06-03 19:47:00,46.5,1.0,0.03,normal
2024-06-03 19:48:00,46.7,1.02,0.03,normal
2024-06-03 19:49:00,47.4,1.04,0.03,normal
2024-06-03 19:50:00,47.3,1.01,0.02,normal
2024-06-03 19:51:00,47.0,1.02,0.04,normal
2024-06-03 19:52:00,47.6,1.04,0.03,normal
2024-06-03 19:53:00,46.3,1.01,0.03,normal
2024-06-03 19:54:00,49.6,1.02,0.03,normal
2024-06-03 19:55:00,46.6,1.04,0.03,normal
2024-06-03 19:56:00,47.3,1.02,0.03,normal
2024-06-03 19:57:00,47.9,1.02,0.02,normal
2024-06-03 19:58:00,46.2,1.03,0.04,normal
2024-06-03 19:59:00,47.7,1.02,0.03,normal
2024-06-03 20:00:00,48.8,1.03,0.03,normal
2024-06-03 20:01:00,48.6,1.03,0.04,normal
2024-06-03 20:02:00,47.7,1.01,0.02,normal
2024-06-03 20:03:00,49.2,1.05,0.03,normal
2024-06-03 20:04:00,47.1,1.04,0.02,normal
2024-06-03 20:05:00,46.6,1.03,0.03,normal
2024-06-03 20:06:00,47.5,1.02,0.03,normal
2024-06-03 20:07:00,48.9,1.03,0.03,normal
2024-06-03 20:08:00,45.4,1.02,0.03,normal
2024-06-03 20:09:00,46.3,1.01,0.03,normal
2024-06-03 20:10:00,48.4,1.01,0.03,normal
2024-06-03 20:11:00,47.0,1.02,0.04,normal
2024-06-03 20:12:00,48.0,1.04,0.03,normal
2024-06-03 20:13:00,46.8,1.02,0.03,normal
2024-06-03 20:14:00,47.7,1.01,0.03,normal
2024-06-03 20:15:00,47.7,1.05,0.04,normal
2024-06-03 20:16:00,46.6,1.02,0.02,normal
2024-06-03 20:17:00,46.9,1.03,0.04,normal
2024-06-03 20:18:00,46.8,1.02,0.02,normal
2024-06-03 20:19:00,47.3,1.01,0.03,normal
2024-06-03 20:20:00,46.6,1.02,0.02,normal
2024-06-03 20:21:00,46.0,1.05,0.02,normal
2024-06-03 20:22:00,46.4,1.05,0.04,normal
2024-06-03 20:23:00,46.3,1.02,0.03,normal
2024-06-03 20:24:00,49.2,1.01,0.03,normal
2024-06-03 20:25:00,48.3,1.03,0.03,normal
2024-06-03 20:26:00,47.4,1.01,0.03,normal
2024-06-03 20:27:00,47.2,1.03,0.03,normal
2024-06-03 20:28:00,48.0,1.04,0.03,normal
2024-06-03 20:29:00,47.9,1.03,0.03,normal
2024-06-03 20:30:00,46.8,1.03,0.03,normal
2024-06-03 20:31:00,49.6,1.04,0.03,normal
2024-06-03 20:32:00,46.7,1.01,0.04,normal
2024-06-03 20:33:00,47.8,1.03,0.02,normal
2024-06-03 20:34:00,48.4,1.03,0.02,normal
2024-06-03 20:35:00,47.0,1.03,0.03,normal
2024-06-03 20:36:00,47.2,1.02,0.03,normal
2024-06-03 20:37:00,47.7,1.04,0.02,normal
2024-06-03 20:38:00,47.3,1.03,0.03,normal
2024-06-03 20:39:00,47.1,1.0,0.03,normal
2024-06-03 20:40:00,37.0,1.05,0.1,abnormal
2024-06-03 20:41:00,47.2,1.02,0.02,normal
2024-06-03 20:42:00,47.2,1.04,0.03,normal
2024-06-03 20:43:00,49.2,1.04,0.03,normal
2024-06-03 20:44:00,49.2,1.03,0.03,normal
2024-06-03 20:45:00,47.2,1.03,0.03,normal
2024-06-03 20:46:00,37.7,0.85,0.06,abnormal
2024-06-03 20:47:00,47.3,1.04,0.03,normal
2024-06-03 20:48:00,49.3,1.03,0.02,normal
2024-06-03 20:49:00,47.4,1.01,0.03,normal
2024-06-03 20:50:00,49.0,1.03,0.03,normal
2024-06-03 20:51:00,46.5,1.03,0.02,normal
2024-06-03 20:52:00,46.8,,0.04,normal
2024-06-03 20:53:00,48.1,1.0,0.03,normal
2024-06-03 20:54:00,47.6,1.03,0.04,normal
2024-06-03 20:55:00,45.4,1.02,0.03,normal
2024-06-03 20:56:00,45.9,1.04,0.03,normal
2024-06-03 20:57:00,48.3,1.02,0.03,normal
2024-06-03 20:58:00,48.6,1.03,0.03,normal
2024-06-03 20:59:00,47.8,1.01,0.03,normal
2024-06-03 21:00:00,47.3,1.03,0.03,normal
2024-06-03 21:01:00,46.4,1.02,,normal
2024-06-03 21:02:00,46.8,1.02,0.03,normal
2024-06-03 21:03:00,48.3,1.03,0.04,normal
2024-06-03 21:04:00,48.4,1.04,0.03,normal
2024-06-03 21:05:00,49.8,1.02,0.02,normal
2024-06-03 21:06:00,49.1,1.02,0.03,normal
2024-06-03 21:07:00,48.8,1.01,0.02,normal
2024-06-03 21:08:00,45.9,1.02,0.03,normal
2024-06-03 21:09:00,48.0,1.03,,normal
2024-06-03 21:10:00,45.2,1.03,0.03,normal
2024-06-03 21:11:00,48.0,1.03,0.03,normal
2024-06-03 21:12:00,48.3,1.03,0.03,normal
2024-06-03 21:13:00,46.8,1.02,0.03,normal
2024-06-03 21:14:00,48.3,1.02,0.03,normal
2024-06-03 21:15:00,47.2,1.02,0.03,normal
2024-06-03 21:16:00,45.5,1.01,0.02,normal
2024-06-03 21:17:00,45.2,1.02,0.03,normal
2024-06-03 21:18:00,47.2,1.03,0.04,normal
2024-06-03 21:19:00,48.8,1.02,0.04,normal
2024-06-03 21:20:00,47.6,1.01,0.03,normal
2024-06-03 21:21:00,46.0,1.01,0.03,normal
2024-06-03 21:22:00,48.3,1.05,0.02,normal
2024-06-03 21:23:00,47.9,1.01,0.03,normal
2024-06-03 21:24:00,47.4,1.0,0.03,normal
2024-06-03 21:25:00,46.9,1.02,0.02,normal
2024-06-03 21:26:00,46.8,1.03,0.03,normal
2024-06-03 21:27:00,47.8,1.03,0.04,normal
2024-06-03 21:28:00,47.2,1.01,0.04,normal
2024-06-03 21:29:00,47.2,1.04,0.03,normal
2024-06-03 21:30:00,47.4,1.03,0.04,normal
2024-06-03 21:31:00,49.6,1.03,0.03,normal
2024-06-03 21:32:00,48.6,1.01,0.03,normal
2024-06-03 21:33:00,47.5,1.03,0.03,normal
2024-06-03 21:34:00,57.6,0.93,0.11,abnormal
2024-06-03 21:35:00,42.6,0.84,0.09,abnormal
2024-06-03 21:36:00,48.6,1.01,0.03,normal
2024-06-03 21:37:00,47.1,1.02,0.03,normal
2024-06-03 21:38:00,48.1,1.02,0.04,normal
2024-06-03 21:39:00,46.4,1.03,0.04,normal
2024-06-03 21:40:00,47.7,1.04,0.03,normal
2024-06-03 21:41:00,48.1,1.02,0.03,normal
2024-06-03 21:42:00,46.7,1.03,0.03,normal
2024-06-03 21:43:00,48.2,1.04,0.03,normal
2024-06-03 21:44:00,47.2,1.03,0.03,normal
2024-06-03 21:45:00,48.4,1.0,0.03,normal
2024-06-03 21:46:00,45.5,1.01,0.04,normal
2024-06-03 21:47:00,48.4,1.02,0.02,normal
2024-06-03 21:48:00,45.0,1.02,0.04,normal
2024-06-03 21:49:00,47.9,1.02,0.03,normal
2024-06-03 21:50:00,45.9,1.02,0.03,normal
2024-06-03 21:51:00,47.4,1.03,0.03,normal
2024-06-03 21:52:00,48.2,1.02,0.03,normal
2024-06-03 21:53:00,49.1,1.01,0.03,normal
2024-06-03 21:54:00,48.8,1.02,0.04,normal
2024-06-03 21:55:00,47.1,1.04,0.03,normal
2024-06-03 21:56:00,47.8,1.04,0.03,normal
2024-06-03 21:57:00,46.6,1.02,0.03,normal
2024-06-03 21:58:00,45.9,1.03,0.03,normal
2024-06-03 21:59:00,48.6,1.0,0.03,normal
2024-06-03 22:00:00,45.8,1.02,0.03,normal
2024-06-03 22:01:00,47.3,1.02,0.03,normal
2024-06-03 22:02:00,47.7,1.01,0.03,normal
2024-06-03 22:03:00,48.2,1.03,0.03,normal
2024-06-03 22:04:00,47.8,1.05,0.03,normal
2024-06-03 22:05:00,52.6,1.08,0.14,abnormal
2024-06-03 22:06:00,46.3,1.01,0.03,normal
2024-06-03 22:07:00,47.8,1.03,0.03,normal
2024-06-03 22:08:00,48.4,1.03,0.03,normal
2024-06-03 22:09:00,46.8,1.03,0.03,normal
2024-06-03 22:10:00,46.1,1.02,0.03,normal
2024-06-03 22:11:00,46.6,1.03,0.02,normal
2024-06-03 22:12:00,51.5,1.0,0.06,abnormal
2024-06-03 22:13:00,54.1,0.96,0.08,abnormal
2024-06-03 22:14:00,56.8,0.92,0.11,abnormal
2024-06-03 22:15:00,59.4,0.89,0.14,abnormal
2024-06-03 22:16:00,47.7,1.04,0.02,normal
2024-06-03 22:17:00,47.7,1.05,0.02,normal
2024-06-03 22:18:00,46.2,1.02,0.03,normal
2024-06-03 22:19:00,48.3,1.03,0.02,normal
2024-06-03 22:20:00,48.0,1.02,0.04,normal
2024-06-03 22:21:00,46.9,1.02,0.03,normal
2024-06-03 22:22:00,48.3,1.03,0.02,normal
2024-06-03 22:23:00,48.0,1.01,0.03,normal
2024-06-03 22:24:00,46.1,1.03,0.03,normal
2024-06-03 22:25:00,46.2,1.03,0.03,normal
2024-06-03 22:26:00,46.9,1.04,0.03,normal
2024-06-03 22:27:00,47.5,1.03,0.03,normal
2024-06-03 22:28:00,48.0,1.02,0.03,normal
2024-06-03 22:29:00,48.9,1.01,0.02,normal
2024-06-03 22:30:00,49.1,1.05,0.03,normal
2024-06-03 22:31:00,45.6,1.02,0.03,normal
2024-06-03 22:32:00,47.3,1.01,0.03,normal
2024-06-03 22:33:00,48.0,1.01,0.03,normal
2024-06-03 22:34:00,49.6,1.03,0.03,normal
2024-06-03 22:35:00,47.4,1.03,0.02,normal
2024-06-03 22:36:00,47.7,1.02,0.04,normal
2024-06-03 22:37:00,47.3,1.05,0.02,normal
2024-06-03 22:38:00,48.1,1.03,0.03,normal
2024-06-03 22:39:00,47.7,1.04,0.03,normal
2024-06-03 22:40:00,45.8,1.02,0.03,normal
2024-06-03 22:41:00,47.2,0.97,0.02,abnormal
2024-06-03 22:42:00,45.9,0.97,0.03,abnormal
2024-06-03 22:43:00,45.0,0.97,0.03,abnormal
2024-06-03 22:44:00,46.8,0.98,0.03,abnormal
2024-06-03 22:45:00,47.8,0.98,0.03,abnormal
2024-06-03 22:46:00,47.9,1.02,0.03,normal
2024-06-03 22:47:00,48.1,1.04,0.03,normal
2024-06-03 22:48:00,47.1,1.02,0.03,normal
2024-06-03 22:49:00,49.0,1.02,0.03,normal
2024-06-03 22:50:00,47.8,1.02,0.03,normal
2024-06-03 22:51:00,45.2,1.02,0.03,normal
2024-06-03 22:52:00,45.2,1.01,0.03,normal
2024-06-03 22:53:00,47.3,1.04,0.03,normal
2024-06-03 22:54:00,46.5,1.02,0.04,normal
2024-06-03 22:55:00,46.5,1.01,0.03,normal
2024-06-03 22:56:00,47.3,1.03,0.03,normal
2024-06-03 22:57:00,48.2,1.01,0.03,normal
2024-06-03 22:58:00,47.3,1.01,0.02,normal
2024-06-03 22:59:00,48.2,1.02,0.02,normal
2024-06-03 23:00:00,47.4,1.04,0.02,normal
2024-06-03 23:01:00,46.0,1.01,0.04,normal
2024-06-03 23:02:00,47.8,1.03,0.02,normal
2024-06-03 23:03:00,46.4,1.03,0.03,normal
2024-06-03 23:04:00,48.0,1.02,0.03,normal
2024-06-03 23:05:00,47.7,1.03,0.03,normal
2024-06-03 23:06:00,45.9,1.0,0.04,normal
2024-06-03 23:07:00,48.7,1.01,0.02,normal
2024-06-03 23:08:00,47.6,1.04,0.04,normal
2024-06-03 23:09:00,48.0,1.02,0.03,normal
2024-06-03 23:10:00,47.5,1.02,0.02,normal
2024-06-03 23:11:00,49.5,1.05,0.04,normal
2024-06-03 23:12:00,46.6,1.04,0.03,normal
2024-06-03 23:13:00,47.9,1.04,0.03,normal
2024-06-03 23:14:00,48.2,1.03,0.03,normal
2024-06-03 23:15:00,45.7,1.03,0.03,normal
2024-06-03 23:16:00,46.2,1.05,0.04,normal
2024-06-03 23:17:00,48.9,1.03,0.04,normal
2024-06-03 23:18:00,47.5,1.03,0.02,normal
2024-06-03 23:19:00,47.9,1.03,0.02,normal
2024-06-03 23:20:00,47.4,1.02,0.04,normal
2024-06-03 23:21:00,48.4,1.03,0.03,normal
2024-06-03 23:22:00,47.5,1.02,0.02,normal
2024-06-03 23:23:00,47.3,1.02,0.02,normal
2024-06-03 23:24:00,48.0,1.03,0.02,normal
2024-06-03 23:25:00,47.4,1.04,0.04,normal
2024-06-03 23:26:00,48.5,1.03,0.03,normal
2024-06-03 23:27:00,46.4,1.03,0.03,normal
2024-06-03 23:28:00,48.8,1.04,0.03,normal
2024-06-03 23:29:00,46.3,1.02,0.03,normal
2024-06-03 23:30:00,47.3,1.02,,normal
2024-06-03 23:31:00,47.0,1.02,0.03,normal
2024-06-03 23:32:00,47.1,1.03,0.03,normal
2024-06-03 23:33:00,46.4,1.02,0.04,normal
2024-06-03 23:34:00,46.3,1.0,0.02,normal
2024-06-03 23:35:00,47.5,1.03,0.03,normal
2024-06-03 23:36:00,48.7,1.0,0.03,normal
2024-06-03 23:37:00,49.1,1.01,0.03,normal
2024-06-03 23:38:00,46.7,,0.03,normal
2024-06-03 23:39:00,48.9,1.05,0.03,normal
2024-06-03 23:40:00,49.4,1.03,0.04,normal
2024-06-03 23:41:00,47.4,1.03,0.03,normal
2024-06-03 23:42:00,50.0,1.04,0.03,normal
2024-06-03 23:43:00,48.5,1.02,0.03,normal
2024-06-03 23:44:00,48.4,1.03,0.03,normal
2024-06-03 23:45:00,47.5,1.03,0.03,normal
2024-06-03 23:46:00,45.6,1.03,0.03,normal
2024-06-03 23:47:00,46.1,1.02,0.03,normal
2024-06-03 23:48:00,46.8,1.03,0.02,normal
2024-06-03 23:49:00,47.1,1.02,0.03,normal
2024-06-03 23:50:00,47.8,1.01,0.03,normal
2024-06-03 23:51:00,47.6,1.0,0.02,normal
2024-06-03 23:52:00,47.5,1.02,,normal
2024-06-03 23:53:00,47.5,1.03,0.03,normal
2024-06-03 23:54:00,46.4,1.01,0.02,normal
2024-06-03 23:55:00,47.8,1.04,0.03,normal
2024-06-03 23:56:00,45.0,1.0,0.03,normal
2024-06-03 23:57:00,46.9,1.02,0.03,normal
2024-06-03 23:58:00,47.2,1.04,0.03,normal
2024-06-03 23:59:00,46.6,,0.02,normal
2024-06-04 00:00:00,47.9,1.03,0.03,normal
2024-06-04 00:01:00,49.1,1.02,0.04,normal
2024-06-04 00:02:00,47.3,1.01,0.03,normal
2024-06-04 00:03:00,46.4,1.02,0.03,normal
2024-06-04 00:04:00,48.1,1.02,0.03,normal
2024-06-04 00:05:00,48.7,1.04,0.03,normal
2024-06-04 00:06:00,48.9,1.0,0.03,normal
2024-06-04 00:07:00,46.6,1.03,0.03,normal
2024-06-04 00:08:00,47.3,1.05,0.03,normal
2024-06-04 00:09:00,47.9,1.02,0.03,normal
2024-06-04 00:10:00,47.5,1.03,0.04,normal
2024-06-04 00:11:00,49.1,1.03,0.03,normal
2024-06-04 00:12:00,46.3,1.02,0.03,normal
2024-06-04 00:13:00,48.4,1.03,0.03,normal
2024-06-04 00:14:00,48.0,1.04,0.03,normal
2024-06-04 00:15:00,47.1,1.03,0.02,normal
2024-06-04 00:16:00,47.9,1.0,0.02,normal
2024-06-04 00:17:00,48.0,1.03,0.02,normal
2024-06-04 00:18:00,46.8,1.04,0.03,normal
2024-06-04 00:19:00,49.7,1.02,0.03,normal
2024-06-04 00:20:00,49.1,1.03,0.02,normal
2024-06-04 00:21:00,47.4,1.02,0.02,normal
2024-06-04 00:22:00,47.2,1.02,0.03,normal
2024-06-04 00:23:00,47.5,1.02,0.03,normal
2024-06-04 00:24:00,47.7,1.03,0.03,normal
2024-06-04 00:25:00,46.5,1.04,0.03,normal
2024-06-04 00:26:00,58.3,1.03,0.03,abnormal
2024-06-04 00:27:00,58.3,1.03,0.03,abnormal
2024-06-04 00:28:00,58.3,1.03,0.02,abnormal
2024-06-04 00:29:00,58.3,1.02,0.03,abnormal
2024-06-04 00:30:00,48.4,1.04,0.04,normal
2024-06-04 00:31:00,48.8,1.02,0.03,normal
2024-06-04 00:32:00,48.3,1.03,0.03,normal
2024-06-04 00:33:00,48.3,1.02,0.03,normal
2024-06-04 00:34:00,47.1,1.03,0.03,normal
2024-06-04 00:35:00,47.8,1.03,0.03,normal
2024-06-04 00:36:00,48.3,1.03,0.02,normal
2024-06-04 00:37:00,50.6,1.19,0.07,abnormal
2024-06-04 00:38:00,46.5,1.01,0.03,normal
2024-06-04 00:39:00,47.2,1.02,0.03,normal
2024-06-04 00:40:00,38.9,1.03,0.03,abnormal
2024-06-04 00:41:00,,1.0,0.03,abnormal
2024-06-04 00:42:00,38.9,1.03,0.03,abnormal
2024-06-04 00:43:00,48.5,1.04,0.03,normal
2024-06-04 00:44:00,47.0,1.03,0.03,normal
2024-06-04 00:45:00,47.5,1.04,0.03,normal
2024-06-04 00:46:00,48.3,1.03,0.03,normal
2024-06-04 00:47:00,48.5,1.03,0.03,normal
2024-06-04 00:48:00,46.7,1.01,0.03,normal
2024-06-04 00:49:00,48.0,1.01,0.03,normal
2024-06-04 00:50:00,46.3,1.02,0.03,normal
2024-06-04 00:51:00,49.9,1.01,0.04,normal
2024-06-04 00:52:00,47.6,1.03,0.03,normal
2024-06-04 00:53:00,47.9,1.02,0.04,normal
2024-06-04 00:54:00,47.0,1.04,0.03,normal
2024-06-04 00:55:00,47.4,1.01,0.03,normal
2024-06-04 00:56:00,48.9,1.02,0.03,normal
2024-06-04 00:57:00,46.4,1.02,0.02,normal
2024-06-04 00:58:00,46.6,1.03,0.04,normal
2024-06-04 00:59:00,50.0,1.02,0.04,normal
2024-06-04 01:00:00,47.7,1.02,0.03,normal
2024-06-04 01:01:00,47.6,1.03,0.03,normal
2024-06-04 01:02:00,46.1,1.01,0.03,normal
2024-06-04 01:03:00,47.2,1.02,0.03,normal
2024-06-04 01:04:00,48.3,1.03,0.03,normal
2024-06-04 01:05:00,48.7,1.04,0.03,normal
2024-06-04 01:06:00,48.5,1.04,0.04,normal
2024-06-04 01:07:00,48.1,1.03,0.03,normal
2024-06-04 01:08:00,46.4,1.03,0.02,normal
2024-06-04 01:09:00,46.7,1.04,0.03,normal
2024-06-04 01:10:00,49.0,1.02,0.02,normal
2024-06-04 01:11:00,42.2,1.03,0.03,abnormal
2024-06-04 01:12:00,42.2,1.02,0.03,abnormal
2024-06-04 01:13:00,42.2,1.03,0.03,abnormal
2024-06-04 01:14:00,46.8,1.02,0.03,normal
2024-06-04 01:15:00,47.2,1.05,0.03,normal
2024-06-04 01:16:00,47.3,1.0,0.03,normal
2024-06-04 01:17:00,47.2,1.02,0.04,normal
2024-06-04 01:18:00,47.3,1.04,0.03,normal
2024-06-04 01:19:00,47.5,1.02,0.03,normal
2024-06-04 01:20:00,49.2,1.0,0.02,normal
2024-06-04 01:21:00,47.0,1.03,0.03,normal
2024-06-04 01:22:00,48.0,1.02,0.04,normal
2024-06-04 01:23:00,48.5,1.03,0.03,normal
2024-06-04 01:24:00,47.8,1.02,0.03,normal
2024-06-04 01:25:00,47.6,1.03,0.04,normal
2024-06-04 01:26:00,45.0,1.01,0.02,normal
2024-06-04 01:27:00,47.1,1.02,0.02,normal
2024-06-04 01:28:00,46.5,1.01,0.04,normal
2024-06-04 01:29:00,49.3,1.02,0.03,normal
2024-06-04 01:30:00,46.4,1.0,0.03,normal
2024-06-04 01:31:00,46.5,1.02,0.02,normal
2024-06-04 01:32:00,46.7,1.03,0.03,normal
2024-06-04 01:33:00,53.8,0.86,0.06,abnormal
2024-06-04 01:34:00,46.7,1.03,0.03,normal
2024-06-04 01:35:00,46.1,1.02,0.03,normal
2024-06-04 01:36:00,48.1,1.02,0.04,normal
2024-06-04 01:37:00,48.5,1.02,0.03,normal
2024-06-04 01:38:00,49.4,1.05,0.02,normal
2024-06-04 01:39:00,46.6,1.04,0.02,normal
2024-06-04 01:40:00,46.2,1.02,0.03,normal
2024-06-04 01:41:00,47.4,1.02,0.03,normal
2024-06-04 01:42:00,46.8,1.01,0.04,normal
2024-06-04 01:43:00,47.8,1.04,0.03,normal
2024-06-04 01:44:00,47.3,1.02,0.02,normal
2024-06-04 01:45:00,36.9,0.99,0.07,abnormal
2024-06-04 01:46:00,46.3,1.04,0.03,normal
2024-06-04 01:47:00,48.8,1.03,0.03,normal
2024-06-04 01:48:00,46.6,1.03,0.03,normal
2024-06-04 01:49:00,46.9,1.03,0.03,normal
2024-06-04 01:50:00,47.0,1.01,0.02,normal
2024-06-04 01:51:00,47.6,1.03,0.03,normal
2024-06-04 01:52:00,,1.03,0.03,normal
2024-06-04 01:53:00,49.1,1.04,0.02,normal
2024-06-04 01:54:00,49.2,1.02,0.04,normal
2024-06-04 01:55:00,47.6,1.02,0.02,normal
2024-06-04 01:56:00,47.3,1.01,0.03,normal
2024-06-04 01:57:00,49.0,1.02,0.03,normal
2024-06-04 01:58:00,46.8,1.02,0.03,normal
2024-06-04 01:59:00,47.5,1.05,0.03,normal
2024-06-04 02:00:00,48.5,1.03,0.03,normal
2024-06-04 02:01:00,47.1,1.02,0.03,normal
2024-06-04 02:02:00,44.8,1.06,0.14,abnormal
2024-06-04 02:03:00,48.1,1.04,0.04,normal
2024-06-04 02:04:00,47.1,1.03,0.03,normal
2024-06-04 02:05:00,47.5,1.02,0.04,normal
2024-06-04 02:06:00,47.9,1.02,0.04,normal
2024-06-04 02:07:00,45.3,1.0,0.03,normal
2024-06-04 02:08:00,47.6,1.03,0.02,normal
2024-06-04 02:09:00,47.5,1.05,0.03,normal
2024-06-04 02:10:00,47.7,1.02,0.03,normal
2024-06-04 02:11:00,45.4,1.03,0.03,normal
2024-06-04 02:12:00,45.9,1.02,0.02,normal
2024-06-04 02:13:00,46.5,1.03,0.02,normal
2024-06-04 02:14:00,48.1,1.03,0.03,normal
2024-06-04 02:15:00,45.0,1.01,0.04,normal
2024-06-04 02:16:00,45.0,1.02,0.02,normal
2024-06-04 02:17:00,48.3,1.02,0.03,normal
2024-06-04 02:18:00,48.1,1.05,0.03,normal
2024-06-04 02:19:00,47.9,1.01,0.04,normal
2024-06-04 02:20:00,46.7,1.02,0.03,normal
2024-06-04 02:21:00,45.9,1.03,0.03,normal
2024-06-04 02:22:00,47.8,1.01,0.03,normal
2024-06-04 02:23:00,48.2,1.0,0.02,normal
2024-06-04 02:24:00,48.4,1.03,0.03,normal
2024-06-04 02:25:00,49.4,1.03,0.03,normal
2024-06-04 02:26:00,50.0,1.02,0.03,normal
2024-06-04 02:27:00,49.8,0.96,0.04,abnormal
2024-06-04 02:28:00,51.7,0.89,0.05,abnormal
2024-06-04 02:29:00,53.5,0.82,0.06,abnormal
2024-06-04 02:30:00,47.2,1.03,0.02,normal
2024-06-04 02:31:00,47.9,1.05,0.03,normal
2024-06-04 02:32:00,47.1,1.02,0.03,normal
2024-06-04 02:33:00,47.2,1.02,0.03,normal
2024-06-04 02:34:00,45.8,1.04,0.03,normal
2024-06-04 02:35:00,47.9,1.01,0.04,normal
2024-06-04 02:36:00,48.7,1.04,0.02,normal
2024-06-04 02:37:00,48.3,1.03,0.02,normal
2024-06-04 02:38:00,47.5,1.03,0.03,normal
2024-06-04 02:39:00,47.7,1.03,0.04,normal
2024-06-04 02:40:00,48.7,1.0,0.03,normal
2024-06-04 02:41:00,47.3,1.0,0.03,normal
2024-06-04 02:42:00,48.7,1.01,0.03,normal
2024-06-04 02:43:00,46.6,1.02,0.04,normal
2024-06-04 02:44:00,47.0,1.03,0.02,normal
2024-06-04 02:45:00,49.4,1.03,0.03,normal
2024-06-04 02:46:00,48.1,1.01,0.04,normal
2024-06-04 02:47:00,47.2,1.02,0.03,normal
2024-06-04 02:48:00,46.9,1.03,0.03,normal
2024-06-04 02:49:00,,1.02,0.03,normal
2024-06-04 02:50:00,47.1,1.05,0.02,normal
2024-06-04 02:51:00,48.8,1.04,0.03,normal
2024-06-04 02:52:00,49.7,1.04,0.03,normal
2024-06-04 02:53:00,47.5,1.02,0.03,normal
2024-06-04 02:54:00,47.9,0.9,0.03,abnormal
2024-06-04 02:55:00,46.6,0.9,0.03,abnormal
2024-06-04 02:56:00,56.6,0.9,0.11,abnormal
2024-06-04 02:57:00,46.6,1.01,0.02,normal
2024-06-04 02:58:00,47.7,1.02,0.03,normal
2024-06-04 02:59:00,45.0,1.01,0.04,normal
2024-06-04 03:00:00,46.8,1.03,0.02,normal
2024-06-04 03:01:00,48.9,1.02,0.03,normal
2024-06-04 03:02:00,47.3,1.08,0.06,abnormal
2024-06-04 03:03:00,44.7,1.12,0.1,abnormal
2024-06-04 03:04:00,42.2,1.16,0.13,abnormal
2024-06-04 03:05:00,47.4,1.05,0.03,normal
2024-06-04 03:06:00,49.3,1.03,0.03,normal
2024-06-04 03:07:00,46.8,1.01,0.03,normal
2024-06-04 03:08:00,48.5,1.03,0.02,normal
2024-06-04 03:09:00,46.1,1.01,0.02,normal
2024-06-04 03:10:00,47.6,1.04,0.03,normal
2024-06-04 03:11:00,45.2,1.02,0.03,normal
2024-06-04 03:12:00,49.6,1.01,0.03,normal
2024-06-04 03:13:00,49.2,1.03,0.03,normal
2024-06-04 03:14:00,47.6,1.03,0.03,normal
2024-06-04 03:15:00,46.7,1.04,0.02,normal
2024-06-04 03:16:00,47.8,1.03,0.03,normal
2024-06-04 03:17:00,47.5,1.02,0.02,normal
2024-06-04 03:18:00,47.1,1.01,0.03,normal
2024-06-04 03:19:00,46.3,1.03,0.02,normal
2024-06-04 03:20:00,50.8,1.0,0.11,abnormal
2024-06-04 03:21:00,47.8,1.02,0.03,normal
2024-06-04 03:22:00,45.4,1.02,0.04,normal
2024-06-04 03:23:00,47.6,1.03,0.03,normal
2024-06-04 03:24:00,48.4,1.0,0.02,normal
2024-06-04 03:25:00,47.7,1.02,0.04,normal
2024-06-04 03:26:00,47.2,1.0,0.02,normal
2024-06-04 03:27:00,45.0,1.02,0.03,normal
2024-06-04 03:28:00,47.1,1.04,0.04,normal
2024-06-04 03:29:00,47.3,,0.03,normal
2024-06-04 03:30:00,48.1,1.03,0.03,normal
2024-06-04 03:31:00,46.3,1.05,0.03,normal
2024-06-04 03:32:00,48.2,1.0,0.03,normal
2024-06-04 03:33:00,49.0,1.02,0.03,normal
2024-06-04 03:34:00,47.7,1.02,0.04,normal
2024-06-04 03:35:00,47.3,1.0,0.03,normal
2024-06-04 03:36:00,48.1,1.03,0.02,normal
2024-06-04 03:37:00,46.8,1.02,0.03,normal
2024-06-04 03:38:00,46.1,1.02,0.03,normal
2024-06-04 03:39:00,48.3,1.03,0.03,normal
2024-06-04 03:40:00,47.1,1.03,0.03,normal
2024-06-04 03:41:00,46.4,1.01,0.03,normal
2024-06-04 03:42:00,46.3,1.03,0.03,normal
2024-06-04 03:43:00,45.9,1.03,0.03,normal
2024-06-04 03:44:00,47.8,1.02,0.02,normal
2024-06-04 03:45:00,46.2,1.03,0.04,normal
2024-06-04 03:46:00,45.3,1.03,0.04,normal
2024-06-04 03:47:00,47.3,1.03,0.03,normal
2024-06-04 03:48:00,47.4,1.01,0.02,normal
2024-06-04 03:49:00,48.4,1.01,0.03,normal
2024-06-04 03:50:00,46.1,1.01,0.03,normal
2024-06-04 03:51:00,46.8,1.03,0.03,normal
2024-06-04 03:52:00,47.8,1.03,0.04,normal
2024-06-04 03:53:00,46.4,1.02,0.04,normal
2024-06-04 03:54:00,48.8,1.01,0.03,normal
2024-06-04 03:55:00,48.9,1.03,0.03,normal
2024-06-04 03:56:00,47.3,1.02,0.03,normal
2024-06-04 03:57:00,47.2,1.02,0.03,normal
2024-06-04 03:58:00,46.8,1.03,0.04,normal
2024-06-04 03:59:00,45.7,1.03,0.03,normal
2024-06-04 04:00:00,48.1,1.03,0.03,normal
2024-06-04 04:01:00,48.7,1.03,0.04,normal
2024-06-04 04:02:00,45.2,1.04,0.03,normal
2024-06-04 04:03:00,36.4,1.01,0.03,abnormal
2024-06-04 04:04:00,36.4,1.02,0.03,abnormal
2024-06-04 04:05:00,36.4,1.0,0.03,abnormal
2024-06-04 04:06:00,47.5,1.02,0.02,normal
2024-06-04 04:07:00,,1.0,0.03,normal
2024-06-04 04:08:00,46.0,1.03,0.03,normal
2024-06-04 04:09:00,48.7,1.02,0.03,normal
2024-06-04 04:10:00,47.0,1.04,0.03,normal
2024-06-04 04:11:00,47.1,1.02,,normal
2024-06-04 04:12:00,47.9,1.0,0.03,normal
2024-06-04 04:13:00,47.6,1.05,0.02,normal
2024-06-04 04:14:00,47.4,1.05,0.04,normal
2024-06-04 04:15:00,46.8,1.03,0.03,normal
2024-06-04 04:16:00,47.8,1.02,0.03,normal
2024-06-04 04:17:00,45.9,1.03,0.03,normal
2024-06-04 04:18:00,47.3,1.01,0.03,normal
2024-06-04 04:19:00,47.9,1.02,0.03,normal
2024-06-04 04:20:00,46.0,1.01,0.03,normal
2024-06-04 04:21:00,48.7,1.02,0.03,normal
2024-06-04 04:22:00,47.0,1.03,0.03,normal
2024-06-04 04:23:00,48.4,1.02,0.02,normal
2024-06-04 04:24:00,46.1,1.02,0.02,normal
2024-06-04 04:25:00,47.9,1.02,0.04,normal
2024-06-04 04:26:00,45.8,1.03,0.02,normal
2024-06-04 04:27:00,47.0,1.03,0.02,normal
2024-06-04 04:28:00,47.7,1.05,0.03,normal
2024-06-04 04:29:00,47.8,1.04,0.03,normal
2024-06-04 04:30:00,46.9,1.0,0.03,normal
2024-06-04 04:31:00,47.4,1.01,0.03,normal
2024-06-04 04:32:00,46.9,1.02,0.03,normal
2024-06-04 04:33:00,46.2,1.04,0.02,normal
2024-06-04 04:34:00,46.8,1.05,0.04,normal
2024-06-04 04:35:00,47.6,1.01,0.03,normal
2024-06-04 04:36:00,47.6,1.03,0.03,normal
2024-06-04 04:37:00,47.5,1.02,0.02,normal
2024-06-04 04:38:00,50.8,1.16,0.14,abnormal
2024-06-04 04:39:00,47.3,1.02,0.03,normal
2024-06-04 04:40:00,47.1,1.04,0.03,normal
2024-06-04 04:41:00,46.2,1.03,0.03,normal
2024-06-04 04:42:00,46.9,1.03,0.03,normal
2024-06-04 04:43:00,48.4,1.02,0.03,normal
2024-06-04 04:44:00,46.8,1.02,0.04,normal
2024-06-04 04:45:00,48.1,1.05,0.04,normal
2024-06-04 04:46:00,46.5,1.03,0.02,normal
2024-06-04 04:47:00,46.7,1.02,0.02,normal
2024-06-04 04:48:00,46.4,1.02,0.02,normal
2024-06-04 04:49:00,48.3,1.01,0.04,normal
2024-06-04 04:50:00,47.0,1.03,0.02,normal
2024-06-04 04:51:00,49.2,1.04,0.03,normal
2024-06-04 04:52:00,46.2,1.03,0.02,normal
2024-06-04 04:53:00,49.0,1.03,0.03,normal
2024-06-04 04:54:00,45.1,1.01,0.03,normal
2024-06-04 04:55:00,48.7,1.04,0.02,normal
2024-06-04 04:56:00,47.8,1.04,0.02,normal
2024-06-04 04:57:00,47.5,1.03,0.03,normal
2024-06-04 04:58:00,45.6,1.02,0.03,normal
2024-06-04 04:59:00,47.4,1.02,0.03,normal
2024-06-04 05:00:00,47.5,1.03,0.03,normal
2024-06-04 05:01:00,47.1,1.03,0.02,normal
2024-06-04 05:02:00,48.0,1.02,0.03,normal
2024-06-04 05:03:00,48.5,1.0,0.02,normal
2024-06-04 05:04:00,47.8,1.02,0.03,normal
2024-06-04 05:05:00,47.0,1.03,0.03,normal
2024-06-04 05:06:00,48.0,,0.02,normal
2024-06-04 05:07:00,48.3,1.04,0.03,normal
2024-06-04 05:08:00,37.7,1.07,0.11,abnormal
2024-06-04 05:09:00,49.1,1.01,0.03,normal
2024-06-04 05:10:00,48.2,1.03,0.02,normal
2024-06-04 05:11:00,47.9,1.03,0.03,normal
2024-06-04 05:12:00,47.7,1.02,0.04,normal
2024-06-04 05:13:00,46.6,1.02,0.03,normal
2024-06-04 05:14:00,48.4,1.01,0.02,normal
2024-06-04 05:15:00,45.5,1.03,0.02,normal
2024-06-04 05:16:00,47.1,1.03,0.03,normal
2024-06-04 05:17:00,47.7,1.02,0.03,normal
2024-06-04 05:18:00,48.0,1.02,0.03,normal
2024-06-04 05:19:00,48.5,1.03,0.02,normal
2024-06-04 05:20:00,48.2,1.01,0.04,normal
2024-06-04 05:21:00,48.5,1.03,0.03,normal
2024-06-04 05:22:00,47.3,1.03,0.03,normal
2024-06-04 05:23:00,47.7,1.04,0.03,normal
2024-06-04 05:24:00,46.9,1.01,0.02,normal
2024-06-04 05:25:00,45.7,1.03,0.04,normal
2024-06-04 05:26:00,48.9,1.01,0.03,normal
2024-06-04 05:27:00,48.9,1.02,0.03,normal
2024-06-04 05:28:00,45.5,1.03,0.02,normal
2024-06-04 05:29:00,47.7,1.01,0.03,normal
2024-06-04 05:30:00,48.5,1.02,0.02,normal
2024-06-04 05:31:00,45.3,1.02,0.03,normal
2024-06-04 05:32:00,45.9,1.03,0.03,normal
2024-06-04 05:33:00,46.4,1.02,0.04,normal
2024-06-04 05:34:00,48.1,1.02,0.03,normal
2024-06-04 05:35:00,46.3,1.03,0.03,normal
2024-06-04 05:36:00,47.0,1.03,0.03,normal
2024-06-04 05:37:00,48.0,1.03,0.02,normal
2024-06-04 05:38:00,48.7,1.0,0.03,normal
2024-06-04 05:39:00,48.5,1.02,0.02,normal
2024-06-04 05:40:00,46.4,1.04,0.02,normal
2024-06-04 05:41:00,48.6,1.02,0.02,normal
2024-06-04 05:42:00,39.5,1.08,0.06,abnormal
2024-06-04 05:43:00,48.2,1.0,0.03,normal
2024-06-04 05:44:00,46.6,1.04,0.02,normal
2024-06-04 05:45:00,49.1,1.02,0.02,normal
2024-06-04 05:46:00,46.8,1.02,0.02,normal
2024-06-04 05:47:00,47.6,1.01,0.02,normal
2024-06-04 05:48:00,47.1,1.0,0.03,normal
2024-06-04 05:49:00,46.6,1.01,0.04,normal
2024-06-04 05:50:00,47.6,1.03,0.02,normal
2024-06-04 05:51:00,46.8,1.03,0.02,normal
2024-06-04 05:52:00,48.4,1.01,0.03,normal
2024-06-04 05:53:00,46.9,1.03,0.03,normal
2024-06-04 05:54:00,47.2,1.02,0.03,normal
2024-06-04 05:55:00,48.0,1.03,0.03,normal
2024-06-04 05:56:00,47.1,1.03,0.03,normal
2024-06-04 05:57:00,47.2,1.03,0.04,normal
2024-06-04 05:58:00,46.2,1.03,0.02,normal
2024-06-04 05:59:00,47.7,1.04,0.03,normal
2024-06-04 06:00:00,47.7,1.02,0.03,normal
2024-06-04 06:01:00,47.2,1.02,0.03,normal
2024-06-04 06:02:00,47.7,1.02,0.03,normal
2024-06-04 06:03:00,46.1,1.03,0.03,normal
2024-06-04 06:04:00,47.7,1.04,0.03,normal
2024-06-04 06:05:00,47.9,1.03,0.03,normal
2024-06-04 06:06:00,47.0,1.05,0.03,normal
2024-06-04 06:07:00,46.8,1.03,0.03,normal
2024-06-04 06:08:00,46.1,1.04,0.03,normal
2024-06-04 06:09:00,46.4,1.04,0.03,normal
2024-06-04 06:10:00,46.2,1.05,0.03,normal
2024-06-04 06:11:00,47.5,1.04,0.03,normal
2024-06-04 06:12:00,47.5,1.02,0.03,normal
2024-06-04 06:13:00,48.0,1.03,0.03,normal
2024-06-04 06:14:00,47.6,1.02,0.02,normal
2024-06-04 06:15:00,46.0,1.03,0.02,normal
2024-06-04 06:16:00,47.7,1.02,0.04,normal
2024-06-04 06:17:00,47.0,1.03,0.03,normal
2024-06-04 06:18:00,47.6,1.03,0.03,normal
2024-06-04 06:19:00,48.5,1.01,0.03,normal
2024-06-04 06:20:00,48.4,1.03,0.04,normal
2024-06-04 06:21:00,46.7,1.01,0.03,normal
2024-06-04 06:22:00,48.2,1.03,0.03,normal
2024-06-04 06:23:00,46.4,1.03,0.02,normal
2024-06-04 06:24:00,48.7,1.05,0.03,normal
2024-06-04 06:25:00,48.1,1.02,0.02,normal
2024-06-04 06:26:00,46.9,1.01,0.02,normal
2024-06-04 06:27:00,49.2,1.03,0.03,normal
2024-06-04 06:28:00,47.2,1.02,0.03,normal
2024-06-04 06:29:00,47.5,1.03,0.03,normal
2024-06-04 06:30:00,47.2,1.01,0.02,normal
2024-06-04 06:31:00,47.2,1.03,0.02,normal
2024-06-04 06:32:00,47.5,1.03,0.02,normal
2024-06-04 06:33:00,46.6,1.03,0.03,normal
2024-06-04 06:34:00,46.3,1.03,0.04,normal
2024-06-04 06:35:00,48.3,1.02,0.03,normal
2024-06-04 06:36:00,46.9,1.03,0.03,normal
2024-06-04 06:37:00,48.1,1.03,0.03,normal
2024-06-04 06:38:00,47.6,1.03,0.03,normal
2024-06-04 06:39:00,46.7,1.0,0.04,normal
2024-06-04 06:40:00,47.8,1.0,0.03,normal
2024-06-04 06:41:00,48.3,1.02,0.03,normal
2024-06-04 06:42:00,48.9,1.01,0.03,normal
2024-06-04 06:43:00,47.7,1.03,0.03,normal
2024-06-04 06:44:00,48.4,1.03,0.03,normal
2024-06-04 06:45:00,47.2,1.03,0.03,normal
2024-06-04 06:46:00,47.7,1.03,0.03,normal
2024-06-04 06:47:00,47.5,1.02,0.03,normal
2024-06-04 06:48:00,47.5,1.03,0.04,normal
2024-06-04 06:49:00,42.9,0.83,0.12,abnormal
2024-06-04 06:50:00,47.6,1.05,0.03,normal
2024-06-04 06:51:00,47.8,1.02,0.03,normal
2024-06-04 06:52:00,47.7,1.04,0.03,normal
2024-06-04 06:53:00,48.8,1.02,0.03,normal
2024-06-04 06:54:00,50.0,1.03,0.03,normal
2024-06-04 06:55:00,46.8,1.01,0.03,normal
2024-06-04 06:56:00,47.1,1.03,0.03,normal
2024-06-04 06:57:00,48.2,1.01,0.02,normal
2024-06-04 06:58:00,47.7,1.03,0.03,normal
2024-06-04 06:59:00,46.7,1.03,0.03,normal
2024-06-04 07:00:00,47.0,1.01,0.04,normal
2024-06-04 07:01:00,48.1,1.03,0.04,normal
2024-06-04 07:02:00,50.0,1.0,0.03,normal
2024-06-04 07:03:00,46.9,1.01,0.02,normal
2024-06-04 07:04:00,47.2,1.01,0.03,normal
2024-06-04 07:05:00,47.6,1.03,0.03,normal
2024-06-04 07:06:00,48.1,1.02,0.04,normal
2024-06-04 07:07:00,47.7,1.0,0.02,normal
2024-06-04 07:08:00,45.8,1.03,0.03,normal
2024-06-04 07:09:00,47.0,1.05,0.03,normal
2024-06-04 07:10:00,48.2,1.01,0.03,normal
2024-06-04 07:11:00,47.5,1.03,0.02,normal
2024-06-04 07:12:00,47.3,1.03,0.03,normal
2024-06-04 07:13:00,46.7,1.02,0.03,normal
2024-06-04 07:14:00,47.6,1.03,0.04,normal
2024-06-04 07:15:00,47.2,1.02,0.03,normal
2024-06-04 07:16:00,48.1,1.02,0.03,normal
2024-06-04 07:17:00,48.5,1.04,0.04,normal
2024-06-04 07:18:00,46.6,1.03,0.03,normal
2024-06-04 07:19:00,47.4,1.02,0.02,normal
2024-06-04 07:20:00,47.6,1.02,0.03,normal
2024-06-04 07:21:00,46.7,1.01,0.03,normal
2024-06-04 07:22:00,47.7,1.03,0.04,normal
2024-06-04 07:23:00,47.8,1.03,0.02,normal
2024-06-04 07:24:00,46.2,1.04,0.03,normal
2024-06-04 07:25:00,46.5,1.02,0.03,normal
2024-06-04 07:26:00,46.6,1.02,0.04,normal
2024-06-04 07:27:00,46.7,1.01,0.03,normal
2024-06-04 07:28:00,48.0,1.02,0.02,normal
2024-06-04 07:29:00,46.8,1.02,0.04,normal
2024-06-04 07:30:00,46.5,1.02,0.03,normal
2024-06-04 07:31:00,45.1,1.04,0.02,normal
2024-06-04 07:32:00,47.8,1.03,0.04,normal
2024-06-04 07:33:00,48.1,1.0,0.03,normal
2024-06-04 07:34:00,47.6,1.02,0.03,normal
2024-06-04 07:35:00,48.3,1.03,0.03,normal
2024-06-04 07:36:00,45.7,1.02,0.03,normal
2024-06-04 07:37:00,46.4,1.03,0.03,normal
2024-06-04 07:38:00,47.6,1.0,0.02,normal
2024-06-04 07:39:00,49.4,1.02,0.02,normal
2024-06-04 07:40:00,48.7,1.03,0.04,normal
2024-06-04 07:41:00,47.8,1.03,0.03,normal
2024-06-04 07:42:00,48.2,1.05,0.03,normal
2024-06-04 07:43:00,45.9,1.03,0.04,normal
2024-06-04 07:44:00,48.7,1.02,0.04,normal
2024-06-04 07:45:00,48.4,1.05,0.03,normal
2024-06-04 07:46:00,47.0,1.02,0.03,normal
2024-06-04 07:47:00,46.6,1.0,0.03,normal
2024-06-04 07:48:00,47.9,1.02,0.04,normal
2024-06-04 07:49:00,47.5,1.04,0.03,normal
2024-06-04 07:50:00,48.3,1.03,0.04,normal
2024-06-04 07:51:00,47.6,1.03,0.03,normal
2024-06-04 07:52:00,47.2,1.03,0.04,normal
2024-06-04 07:53:00,47.2,1.03,0.04,normal
2024-06-04 07:54:00,48.6,1.03,0.02,normal
2024-06-04 07:55:00,48.0,1.0,0.04,normal
2024-06-04 07:56:00,47.7,1.04,0.03,normal
2024-06-04 07:57:00,45.9,1.03,0.03,normal
2024-06-04 07:58:00,47.0,1.03,0.04,normal
2024-06-04 07:59:00,48.3,1.04,0.03,normal
2024-06-04 08:00:00,49.0,1.02,0.02,normal
2024-06-04 08:01:00,47.3,1.03,0.03,normal
2024-06-04 08:02:00,47.3,1.02,0.04,normal
2024-06-04 08:03:00,50.0,1.01,0.05,abnormal
2024-06-04 08:04:00,51.9,1.0,0.07,abnormal
2024-06-04 08:05:00,53.7,0.98,0.09,abnormal
2024-06-04 08:06:00,55.5,0.96,0.1,abnormal
2024-06-04 08:07:00,57.3,0.95,0.12,abnormal
2024-06-04 08:08:00,50.1,0.87,0.07,abnormal
2024-06-04 08:09:00,47.1,1.01,0.03,normal
2024-06-04 08:10:00,46.4,1.02,0.03,normal
2024-06-04 08:11:00,49.1,1.02,0.02,normal
2024-06-04 08:12:00,48.0,1.02,0.03,normal
2024-06-04 08:13:00,,1.02,0.03,normal
2024-06-04 08:14:00,46.0,1.02,0.03,normal
2024-06-04 08:15:00,46.9,1.01,0.03,normal
2024-06-04 08:16:00,48.6,1.02,0.02,normal
2024-06-04 08:17:00,48.2,1.01,0.03,normal
2024-06-04 08:18:00,46.6,1.01,0.03,normal
2024-06-04 08:19:00,47.3,1.02,0.03,normal
2024-06-04 08:20:00,47.1,1.04,0.03,normal
2024-06-04 08:21:00,46.8,1.01,0.02,normal
2024-06-04 08:22:00,47.8,1.02,0.02,normal
2024-06-04 08:23:00,47.0,1.01,0.04,normal
2024-06-04 08:24:00,45.8,1.01,0.04,normal
2024-06-04 08:25:00,48.9,1.02,0.03,normal
2024-06-04 08:26:00,48.1,1.0,0.02,normal
2024-06-04 08:27:00,47.2,1.04,0.03,normal
2024-06-04 08:28:00,47.6,1.04,0.04,normal
2024-06-04 08:29:00,46.9,1.02,0.04,normal
2024-06-04 08:30:00,46.0,1.04,0.02,normal
2024-06-04 08:31:00,47.6,1.02,0.03,normal
2024-06-04 08:32:00,46.5,1.03,0.03,normal
2024-06-04 08:33:00,47.4,1.03,0.03,normal
2024-06-04 08:34:00,46.5,1.03,0.03,normal
2024-06-04 08:35:00,50.0,1.02,0.03,normal
2024-06-04 08:36:00,48.3,1.03,0.03,normal
2024-06-04 08:37:00,47.1,1.03,0.03,normal
2024-06-04 08:38:00,47.1,1.03,0.03,normal
2024-06-04 08:39:00,46.9,1.0,0.02,normal
2024-06-04 08:40:00,46.2,1.01,0.03,normal
2024-06-04 08:41:00,46.3,1.02,0.03,normal
2024-06-04 08:42:00,47.1,1.04,0.03,normal
2024-06-04 08:43:00,47.5,1.02,0.03,normal
2024-06-04 08:44:00,47.8,1.03,0.03,normal
2024-06-04 08:45:00,47.5,1.0,0.03,normal
2024-06-04 08:46:00,48.3,1.02,0.04,normal
2024-06-04 08:47:00,48.1,1.04,0.05,abnormal
2024-06-04 08:48:00,49.6,1.05,0.06,abnormal
2024-06-04 08:49:00,51.1,1.06,0.08,abnormal
2024-06-04 08:50:00,48.3,1.02,0.03,normal
2024-06-04 08:51:00,46.7,1.04,0.04,normal
2024-06-04 08:52:00,47.4,1.0,0.03,normal
2024-06-04 08:53:00,48.7,1.03,0.03,normal
2024-06-04 08:54:00,48.5,1.03,0.04,normal
2024-06-04 08:55:00,48.4,1.04,0.03,normal
2024-06-04 08:56:00,48.4,1.02,0.03,normal
2024-06-04 08:57:00,49.2,1.03,0.03,normal
2024-06-04 08:58:00,47.6,1.02,0.03,normal
2024-06-04 08:59:00,48.9,1.03,0.02,normal
2024-06-04 09:00:00,47.3,1.05,0.03,normal
2024-06-04 09:01:00,45.7,1.05,0.03,normal
2024-06-04 09:02:00,47.4,1.02,0.04,normal
2024-06-04 09:03:00,47.0,1.04,0.03,normal
2024-06-04 09:04:00,47.7,1.03,0.03,normal
2024-06-04 09:05:00,48.5,1.01,0.02,normal
2024-06-04 09:06:00,48.1,1.03,0.03,normal
2024-06-04 09:07:00,47.9,1.02,0.03,normal
2024-06-04 09:08:00,47.5,1.02,0.03,normal
2024-06-04 09:09:00,49.5,1.0,0.03,normal
2024-06-04 09:10:00,45.8,1.02,0.03,normal
2024-06-04 09:11:00,45.4,1.03,0.03,normal
2024-06-04 09:12:00,45.4,1.04,0.04,normal
2024-06-04 09:13:00,49.0,1.03,0.03,normal
2024-06-04 09:14:00,48.8,1.05,0.04,normal
2024-06-04 09:15:00,46.6,1.03,0.03,normal
2024-06-04 09:16:00,45.7,1.03,0.04,normal
2024-06-04 09:17:00,48.1,1.04,0.03,normal
2024-06-04 09:18:00,47.4,1.03,0.03,normal
2024-06-04 09:19:00,46.5,1.04,0.04,normal
2024-06-04 09:20:00,46.5,1.04,0.03,normal
2024-06-04 09:21:00,47.8,1.03,0.03,normal
2024-06-04 09:22:00,47.6,1.04,0.03,normal
2024-06-04 09:23:00,48.1,1.02,0.04,normal
2024-06-04 09:24:00,48.0,1.03,0.02,normal
2024-06-04 09:25:00,46.7,1.04,0.03,normal
2024-06-04 09:26:00,45.6,1.04,0.03,normal
2024-06-04 09:27:00,48.9,1.02,,normal
2024-06-04 09:28:00,48.7,1.01,0.03,normal
2024-06-04 09:29:00,47.3,1.03,0.02,normal
2024-06-04 09:30:00,45.8,1.03,0.03,normal
2024-06-04 09:31:00,,1.0,0.03,normal
2024-06-04 09:32:00,47.5,1.04,0.03,normal
2024-06-04 09:33:00,49.2,1.02,0.03,normal
2024-06-04 09:34:00,49.0,1.03,0.03,normal
2024-06-04 09:35:00,47.3,1.04,0.04,normal
2024-06-04 09:36:00,46.7,1.02,0.03,normal
2024-06-04 09:37:00,46.5,1.02,0.03,normal
2024-06-04 09:38:00,48.6,1.04,0.03,normal
2024-06-04 09:39:00,47.3,1.03,0.03,normal
2024-06-04 09:40:00,48.1,1.02,0.03,normal
2024-06-04 09:41:00,46.5,,0.03,normal
2024-06-04 09:42:00,49.1,1.02,0.03,normal
2024-06-04 09:43:00,49.9,1.01,0.02,normal
2024-06-04 09:44:00,48.8,1.02,0.03,normal
2024-06-04 09:45:00,46.9,1.03,0.03,normal
2024-06-04 09:46:00,49.0,1.02,0.03,abnormal
2024-06-04 09:47:00,50.6,1.01,0.04,abnormal
2024-06-04 09:48:00,52.3,1.0,0.05,abnormal
2024-06-04 09:49:00,54.0,0.99,0.06,abnormal
2024-06-04 09:50:00,55.6,0.98,0.07,abnormal
2024-06-04 09:51:00,48.0,1.02,0.03,normal
2024-06-04 09:52:00,50.4,1.0,0.04,abnormal
2024-06-04 09:53:00,51.7,0.96,0.06,abnormal
2024-06-04 09:54:00,53.0,0.93,0.07,abnormal
2024-06-04 09:55:00,54.3,0.9,0.09,abnormal
2024-06-04 09:56:00,55.6,0.86,0.11,abnormal
2024-06-04 09:57:00,57.0,0.83,0.13,abnormal
2024-06-04 09:58:00,48.9,1.04,0.03,normal
2024-06-04 09:59:00,47.6,1.03,0.03,normal
2024-06-04 10:00:00,48.4,1.01,0.03,normal
2024-06-04 10:01:00,48.7,1.03,0.03,normal
2024-06-04 10:02:00,47.9,1.0,0.03,normal
2024-06-04 10:03:00,47.4,1.02,0.03,normal
2024-06-04 10:04:00,47.4,1.01,0.03,normal
2024-06-04 10:05:00,47.6,1.03,0.03,normal
2024-06-04 10:06:00,48.5,1.01,0.03,normal
2024-06-04 10:07:00,48.8,1.0,0.03,normal
2024-06-04 10:08:00,46.9,1.02,0.03,normal
2024-06-04 10:09:00,47.3,1.05,0.02,normal
2024-06-04 10:10:00,46.3,1.01,0.04,normal
2024-06-04 10:11:00,47.0,1.02,0.03,normal
2024-06-04 10:12:00,46.6,1.02,0.04,normal
2024-06-04 10:13:00,48.9,1.01,0.03,normal
2024-06-04 10:14:00,46.7,1.0,0.04,normal
2024-06-04 10:15:00,48.7,1.04,0.03,normal
2024-06-04 10:16:00,47.3,1.03,0.03,normal
2024-06-04 10:17:00,47.1,1.01,0.03,normal
2024-06-04 10:18:00,48.6,1.01,0.03,normal
2024-06-04 10:19:00,47.8,1.03,0.03,normal
2024-06-04 10:20:00,46.8,1.01,0.03,normal
2024-06-04 10:21:00,48.4,1.02,0.03,normal
2024-06-04 10:22:00,42.6,1.1,0.04,abnormal
2024-06-04 10:23:00,39.5,1.15,0.06,abnormal
2024-06-04 10:24:00,36.3,1.19,0.07,abnormal
2024-06-04 10:25:00,50.0,1.03,0.03,normal
2024-06-04 10:26:00,48.0,1.01,0.04,normal
2024-06-04 10:27:00,46.8,1.03,0.04,normal
2024-06-04 10:28:00,47.9,1.03,0.03,normal
2024-06-04 10:29:00,47.4,1.02,0.03,normal
2024-06-04 10:30:00,49.0,1.02,0.03,normal
2024-06-04 10:31:00,47.0,1.04,0.03,normal
2024-06-04 10:32:00,48.1,1.02,0.03,normal
2024-06-04 10:33:00,46.9,1.02,0.03,normal
2024-06-04 10:34:00,48.4,1.01,0.03,normal
2024-06-04 10:35:00,47.6,1.05,0.02,normal
2024-06-04 10:36:00,47.8,1.01,0.03,normal
2024-06-04 10:37:00,47.1,1.02,0.03,normal
2024-06-04 10:38:00,47.5,1.02,0.02,normal
2024-06-04 10:39:00,48.3,1.03,0.03,normal
2024-06-04 10:40:00,46.0,1.03,0.03,normal
2024-06-04 10:41:00,46.5,1.03,0.03,normal
2024-06-04 10:42:00,49.3,1.05,0.02,normal
2024-06-04 10:43:00,50.0,1.01,0.03,normal
2024-06-04 10:44:00,48.5,1.01,0.03,normal
2024-06-04 10:45:00,47.4,1.03,0.03,normal
2024-06-04 10:46:00,48.7,1.03,0.03,normal
2024-06-04 10:47:00,48.6,1.03,0.03,normal
2024-06-04 10:48:00,,1.01,0.03,normal
2024-06-04 10:49:00,46.9,1.03,0.03,normal
2024-06-04 10:50:00,47.3,1.04,0.04,normal
2024-06-04 10:51:00,47.7,1.02,0.04,normal
2024-06-04 10:52:00,47.4,1.03,0.03,normal
2024-06-04 10:53:00,46.6,1.01,0.03,normal
2024-06-04 10:54:00,46.7,1.05,0.02,normal
2024-06-04 10:55:00,46.2,1.03,0.04,normal
2024-06-04 10:56:00,47.6,1.03,0.02,normal
2024-06-04 10:57:00,46.8,1.01,0.02,normal
2024-06-04 10:58:00,47.6,1.0,0.02,normal
2024-06-04 10:59:00,47.0,1.02,0.03,normal
2024-06-04 11:00:00,47.8,1.04,0.03,normal
2024-06-04 11:01:00,48.6,1.02,0.03,normal
2024-06-04 11:02:00,48.0,1.03,0.03,normal
2024-06-04 11:03:00,47.2,1.02,0.03,normal
2024-06-04 11:04:00,47.4,1.02,0.03,normal
2024-06-04 11:05:00,46.3,1.04,0.03,normal
2024-06-04 11:06:00,,1.03,0.03,normal
2024-06-04 11:07:00,46.1,1.04,0.03,normal
2024-06-04 11:08:00,47.1,1.03,0.04,normal
2024-06-04 11:09:00,47.5,1.01,0.03,normal
2024-06-04 11:10:00,47.0,1.05,0.03,normal
2024-06-04 11:11:00,45.3,1.03,0.04,normal
2024-06-04 11:12:00,49.1,1.05,0.02,normal
2024-06-04 11:13:00,48.4,1.02,0.03,normal
2024-06-04 11:14:00,46.2,1.02,0.03,normal
2024-06-04 11:15:00,48.4,1.03,0.03,normal
2024-06-04 11:16:00,46.1,1.02,0.03,normal
2024-06-04 11:17:00,48.4,1.04,0.04,normal
2024-06-04 11:18:00,46.7,1.0,0.02,normal
2024-06-04 11:19:00,48.9,1.02,0.03,normal
2024-06-04 11:20:00,49.1,1.04,0.03,normal
2024-06-04 11:21:00,47.2,1.02,0.03,normal
2024-06-04 11:22:00,49.1,1.03,0.03,normal
2024-06-04 11:23:00,48.7,1.01,0.03,normal
2024-06-04 11:24:00,47.2,1.0,0.02,normal
2024-06-04 11:25:00,46.5,1.03,0.03,normal
2024-06-04 11:26:00,47.7,1.05,0.02,normal
2024-06-04 11:27:00,47.5,1.03,0.03,normal
2024-06-04 11:28:00,47.5,1.01,0.04,normal
2024-06-04 11:29:00,46.8,1.05,0.03,normal
2024-06-04 11:30:00,48.5,1.02,0.03,normal
2024-06-04 11:31:00,46.9,1.03,0.03,normal
2024-06-04 11:32:00,46.7,1.02,0.03,normal
2024-06-04 11:33:00,49.8,1.02,0.04,normal
2024-06-04 11:34:00,47.3,1.03,0.02,normal
2024-06-04 11:35:00,47.1,1.03,0.04,normal
2024-06-04 11:36:00,47.7,1.04,0.03,normal
2024-06-04 11:37:00,49.1,1.15,0.04,abnormal
2024-06-04 11:38:00,47.0,1.15,0.02,abnormal
2024-06-04 11:39:00,49.8,1.15,0.03,abnormal
